[{
	"ColumnName" : "Ship to Party",
	"hAlign" : "Left",
	"vAlign" : "Middle",
	"width" : "",
	"demandPopin" : false,
	"minScreenWidth" : ""
},
{
	"ColumnName" : "System ID",
	"hAlign" : "Center",
	"vAlign" : "Middle",
	"width" : "10%",
	"demandPopin" : true,
	"minScreenWidth" : "Tablet"
},
{
	"ColumnName" : "Location",
	"hAlign" : "Center",
	"vAlign" : "Middle",
	"width" : "8%",
	"demandPopin" : true,
	"minScreenWidth" : "Tablet"
},
{
	"ColumnName" : "Route",
	"hAlign" : "Center",
	"vAlign" : "Middle",
	"width" : "10%",
	"demandPopin" : true,
	"minScreenWidth" : "Tablet"
},
{
	"ColumnName" : "Delivery No.",
	"hAlign" : "Center",
	"vAlign" : "Middle",
	"width" : "10%",
	"demandPopin" : true,
	"minScreenWidth" : "Tablet"
},
{
	"ColumnName" : "Delivery Created",
	"hAlign" : "Center",
	"vAlign" : "Middle",
	"width" : "13%",
	"demandPopin" : true,
	"minScreenWidth" : "Tablet"
},
{
	"ColumnName" : "STN No.",
	"hAlign" : "Center",
	"vAlign" : "Middle",
	"width" : "10%",
	"demandPopin" : true,
	"minScreenWidth" : "Tablet"
},
{
	"ColumnName" : "LR No./CN No.",
	"hAlign" : "Center",
	"vAlign" : "Middle",
	"width" : "10%",
	"demandPopin" : true,
	"minScreenWidth" : "Tablet"
},
{
	"ColumnName" : "",
	"hAlign" : "Center",
	"vAlign" : "Middle",
	"width" : "5%",
	"demandPopin" : true,
	"minScreenWidth" : "Tablet"
},
{
	"ColumnName" : "",
	"hAlign" : "Left",
	"vAlign" : "Middle",
	"width" : "3%",
	"demandPopin" : true,
	"minScreenWidth" : "Tablet"
}
]