[{
	"ColumnName" : "Ship to Party",
	"hAlign" : "Left",
	"vAlign" : "Middle",
	"width" : "",
	"demandPopin" : false,
	"minScreenWidth" : ""
},
{
	"ColumnName" : "Sys. ID",
	"hAlign" : "Center",
	"vAlign" : "Middle",
	"width" : "11%",
	"demandPopin" : true,
	"minScreenWidth" : "Tablet"
},
{
	"ColumnName" : "Delivery No.",
	"hAlign" : "Center",
	"vAlign" : "Middle",
	"width" : "18%",
	"demandPopin" : true,
	"minScreenWidth" : "Tablet"
},
{
	"ColumnName" : "Invoice No.",
	"hAlign" : "Center",
	"vAlign" : "Middle",
	"width" : "18%",
	"demandPopin" : true,
	"minScreenWidth" : "Tablet"
}]