<core:FragmentDefinition xmlns="sap.m"
	xmlns:core="sap.ui.core" xmlns:f="sap.ui.layout.form">
	<Dialog title="Search Criteria" contentWidth="320px"
		contentHeight="200px">
		<customHeader>
			<Bar>
				<contentMiddle>
					<Title text="Filter Criteria" />
				</contentMiddle>
				<contentRight>
					<Button icon="sap-icon://decline" press="pFilterClose" />
				</contentRight>
			</Bar>
		</customHeader>
		<content>
			<f:SimpleForm editable="true" layout="ResponsiveGridLayout">
				<f:content>
					<Label text="Date" />
					<DateRangeSelection id="S3dRSDeliveryDate"
						displayFormat="dd MMM yyyy" placeholder="Select Date Range"
						change="cDelvyDateRange">
					</DateRangeSelection>
				</f:content>
			</f:SimpleForm>
		</content>
		<buttons>
			<Button id="S3btnFilterClear" text="Clear Filters" press="pFilterClear"
				enabled="false" visible="false"></Button>
			<Button id="S3btnFilterSearch" text="Filter" press="pFilterSearch"
				enabled="false"></Button>
		</buttons>
	</Dialog>
</core:FragmentDefinition>