<core:FragmentDefinition xmlns="sap.m"
	xmlns:core="sap.ui.core" xmlns:f="sap.ui.layout.form">
	<Dialog title="Select Transporter" contentWidth="50px"
		contentHeight="100px">
		<content>
			<f:SimpleForm editable="true" layout="ResponsiveGridLayout">
				<f:content>
					<!-- <Label text="Select Transporter" required="true" />
					<Input value="" placeholder="Enter Transporter" id="S3vrnNoValid"
						 liveChange="inputTofield" width="auto"/> -->
				</f:content>
			</f:SimpleForm>
		</content>
		<buttons>
			<Button text="Cancel" press="shipmentCancel"></Button>
			<Button text="Submit" press="checkVehicleNo"></Button>
		</buttons>
	</Dialog>
</core:FragmentDefinition>