<core:FragmentDefinition xmlns="sap.m"
	xmlns:core="sap.ui.core" xmlns:f="sap.ui.layout.form">
	<Dialog title="Select Route" contentWidth="20px"
		contentHeight="100px">
		<content>
			<f:SimpleForm editable="true" layout="ResponsiveGridLayout">
				<f:content>
					<Label text="Select Route" required="true" />
					<Input value="" placeholder="Enter Route" id="S3routeselectionId2"
						  width="auto"/>
				</f:content>
			</f:SimpleForm>
		</content>
		<buttons>
			<Button text="Cancel" press="RouteCancel2"></Button>
			<Button text="Submit" press="RouteSubmit2"></Button>
		</buttons>
	</Dialog>
</core:FragmentDefinition>