<core:FragmentDefinition xmlns="sap.m"
	xmlns:core="sap.ui.core" xmlns:f="sap.ui.layout.form">
	<Dialog title="Start KMs Updation" contentWidth="320px" contentHeight="350px">		
		<content>
			<f:SimpleForm editable="true" layout="ResponsiveGridLayout">
				<f:content>					
					<Label id="S3lblTripNo" text="Trip No." design="Bold"/>
					<Text id="S3txtTripNo"/>
					<Label id="S3lblStartKMS" text="Start KMs" design="Bold"/>
					<Input id="S3inpStartKMS" liveChange="lCStartKMS" maxLength="10"></Input>
				</f:content>
			</f:SimpleForm>
		</content>
		<buttons>
			<Button id="S3btnStartKMSCancel" text="Cancel" press="pStartKMSCancel"></Button>
			<Button id="S3btnStartKMSSubmit" text="Submit" press="pStartKMSSubmit"></Button>
		</buttons>
	</Dialog>
</core:FragmentDefinition>