<core:FragmentDefinition xmlns="sap.m"
	xmlns:core="sap.ui.core" xmlns:f="sap.ui.layout.form">
	<Dialog title="Select Transporter" contentWidth="50px"
		contentHeight="300px">
		<content>
			<f:SimpleForm editable="true" layout="ResponsiveGridLayout">
				<f:content>
					<Label text="Enter Transport" required="true" />
					<Input id="S3transportTypeid2" />
				</f:content>
			</f:SimpleForm>
		</content>
		<buttons>
		    <Button text="Cancel" press="handleTransportSelectionClose"></Button>
			<Button text="Submit" press="handleTransportSelectionPost"></Button>
		</buttons>
	</Dialog>
</core:FragmentDefinition>