<core:FragmentDefinition xmlns="sap.m"
	xmlns:core="sap.ui.core" xmlns:f="sap.ui.layout.form">
	<Dialog title="Trips" contentWidth="600px" contentHeight="450px" showHeader="true" 
	class="sapUiSizeCompact dlgVeh">
		<customHeader>
			<Bar>
				<contentMiddle>
					<core:Icon id="S3iconTripsShipType"/>
					<Title id="S3titTrips" titleStyle="H4"/>
				</contentMiddle>				
			</Bar>
		</customHeader>
		<content>
			<IconTabBar id="S3iTBTrips" applyContentPadding="false" expandable="false">				
			</IconTabBar>			
		</content>
		<buttons>
			<Button text="Cancel" press="pTripsListCancel"/>
			<Button text="Add" press="pTripsListSubmit"/>			
		</buttons>
	</Dialog>
</core:FragmentDefinition>