<core:FragmentDefinition xmlns="sap.m"
	xmlns:core="sap.ui.core" xmlns:f="sap.ui.layout.form">
	<Dialog class="dlgVeh sapUiSizeCompact" title="Seal Information" contentWidth="650px" contentHeight="350px">		
		<content>
			<Table id="tblSealInfo1">				
				<columns>					
					<Column width="23%" demandPopin="true" minScreenWidth="Tablet" hAlign="Center">
						<Label design="Bold" text="{i18n>colSealLocCode}" />
					</Column>
					<Column width="17%" demandPopin="true" minScreenWidth="Tablet" hAlign="Center">
						<Label design="Bold" text="{i18n>colSealStgSeq}" />
					</Column>
					<Column width="30%" demandPopin="true" minScreenWidth="Tablet" hAlign="Center">
						<Label design="Bold" text="{i18n>colDepSeal1}" />
					</Column>
					<Column width="30%" demandPopin="true" minScreenWidth="Tablet" hAlign="Center">
						<Label design="Bold" text="{i18n>colDepSeal2}" />
					</Column>
				</columns>
			</Table>
		</content>
		<buttons>
			<Button id="btnSealCancel" text="Cancel" press="pSealCancel"></Button>
			<Button id="btnSealSubmit" text="Submit" press="pSealSubmit"></Button>
		</buttons>
	</Dialog>
</core:FragmentDefinition>