<core:FragmentDefinition xmlns="sap.m"
	xmlns:core="sap.ui.core" xmlns:f="sap.ui.layout.form">
	<Dialog title="Start KMs Updation" contentWidth="320px" contentHeight="350px">		
		<content>
			<f:SimpleForm editable="true" layout="ResponsiveGridLayout">
				<f:content>					
					<Label id="lblTripNo" text="Trip No." design="Bold"/>
					<Text id="txtTripNo"/>
					<Label id="lblStartKMS" text="Start KMs" design="Bold"/>
					<Input id="inpStartKMS" liveChange="lCStartKMS" maxLength="10"></Input>
				</f:content>
			</f:SimpleForm>
		</content>
		<buttons>
			<Button id="btnStartKMSCancel" text="Cancel" press="pStartKMSCancel"></Button>
			<Button id="btnStartKMSSubmit" text="Submit" press="pStartKMSSubmit"></Button>
		</buttons>
	</Dialog>
</core:FragmentDefinition>