<core:FragmentDefinition xmlns="sap.m"
	xmlns:core="sap.ui.core" xmlns:f="sap.ui.layout.form">
	<Dialog class="dlgVeh" contentWidth="320px" contentHeight="350px">
		<customHeader>
			<Bar>
				<contentMiddle>
					<core:Icon id="iconShipType"/>
					<Title id="titShipType" titleStyle="H4"/>
				</contentMiddle>				
			</Bar>
		</customHeader>
		<subHeader>
			<Bar>
				<contentMiddle>
					<SearchField liveChange="lCVehicles" search="lCVehicles"></SearchField>
				</contentMiddle>
			</Bar>
		</subHeader>
		<content>
			<List id="lstVehicles"></List>
		</content>
		<buttons>
			<Button text="Cancel" press="pCancel"/>
		</buttons>
	</Dialog>
</core:FragmentDefinition>