{
    "ArticleDetails": [
        {
            "Article": "Article 1",
            "Article Desp": "USB",
            "ItemNo": "1"
        },
        {
            "Article": "Article 2",
            "Article Desp": "Mouse",
            "ItemNo": "2"
        },
        {
            "Article": "Article 3",
            "Article Desp": "KeyBoard",
            "ItemNo": "3"
        },
        {
            "Article": "Article 4",
            "Article Desp": "Mouse",
            "ItemNo": "4"
        },
        {
            "Article": "Article5",
            "Article Desp": "Laptop",
            "ItemNo": "5"
        }
    ]
}