{
  "TECHOPSSet" : [
    {
        "GROUP" : "1",
        "SYSTEMS": [
            {
              "SysID" : "sys1",
              "SysDesc" : "System1",
              "Availability" : "1",
              "Performance" : "1",
              "Exception" : "3",
              "Configuration" : "2"
            }
        ]
    },   
    {
        "GROUP" : "2",
        "SYSTEMS": [
            {
              "SysID" : "sys2",
              "SysDesc" : "System2",
              "Availability" : "1",
              "Performance" : "1",
              "Exception" : "3",
              "Configuration" : "2"
            },
                        {
              "SysID" : "sys3",
              "SysDesc" : "System3",
              "Availability" : "2",
              "Performance" : "1",
              "Exception" : "2",
              "Configuration" : "3"
            }
        ]
    },    
    {
        "GROUP" : "3",
        "SYSTEMS": [
            {
              "SysID" : "sys4",
              "SysDesc" : "System4",
              "Availability" : "1",
              "Performance" : "1",
              "Exception" : "1",
              "Configuration" : "1"
            },
            {
              "SysID" : "sys5",
              "SysDesc" : "System5",
              "Availability" : "2",
              "Performance" : "2",
              "Exception" : "3",
              "Configuration" : "1"
            },
            {
              "SysID" : "sys6",
              "SysDesc" : "System6",
              "Availability" : "1",
              "Performance" : "1",
              "Exception" : "2",
              "Configuration" : "3"
            }
        ]
    },    
    {
        "GROUP" : "4",
        "SYSTEMS": [
            {
              "SysID" : "sys7",
              "SysDesc" : "System7",
              "Availability" : "1",
              "Performance" : "1",
              "Exception" : "3",
              "Configuration" : "2"
            }
        ]
    },
        {
        "GROUP" : "5",
        "SYSTEMS": [
            {
              "SysID" : "sys8",
              "SysDesc" : "System8",
              "Availability" : "1",
              "Performance" : "1",
              "Exception" : "3",
              "Configuration" : "2"
            }
        ]
    }
  ]
}