<core:FragmentDefinition xmlns="sap.m"
	xmlns:core="sap.ui.core" xmlns:f="sap.ui.layout.form">
	<Dialog title="Search Criteria" contentWidth="320px" contentHeight="350px">
		<customHeader>
		<Bar>
			<contentMiddle>
				<Title text="Filter Criteria" />
			</contentMiddle>
			<contentRight>
				<Button icon="sap-icon://decline" press="pFilterClose"/>
			</contentRight>
		</Bar>			
		</customHeader>
		<content>
			<f:SimpleForm editable="true" layout="ResponsiveGridLayout">
				<f:content>					
					<Label text="Date" />
					<DateRangeSelection id="dRSDeliveryDate" displayFormat="dd MMM yyyy"
						placeholder="Select Date Range" change="cDelvyDateRange">
					</DateRangeSelection>
					<Label text="Shipping Type" />
					<Select id="mCmbShipType" placeholder="Select Shipping Type" selectionChange="sCShipType">						
					</Select>					
				</f:content>
			</f:SimpleForm>
		</content>
		<buttons>
			<Button id="btnFilterClear" text="Clear Filters" press="pFilterClear" enabled="false"></Button>
			<Button id="btnFilterSearch" text="Filter" press="pFilterSearch" enabled="false"></Button>
		</buttons>
	</Dialog>
</core:FragmentDefinition>