<core:FragmentDefinition xmlns="sap.m"
	xmlns:core="sap.ui.core" xmlns:l="sap.ui.layout" xmlns:f="sap.ui.layout.form"
	xmlns:html="http://www.w3.org/1999/xhtml">
	<Dialog class="sapUiSizeCompact" title="" id="filterId"
		contentWidth="auto" contentHeight="auto">
		<l:Grid defaultSpan="L12 M12 S12" width="auto">
			<l:content>
				<f:SimpleForm minWidth="1024" maxContainerCols="2"
					editable="true" layout="ResponsiveGridLayout" labelSpanL="4"
					labelSpanM="4" emptySpanL="4" emptySpanM="4" columnsL="1" columnsM="1"
					class="editableForm">
					<f:content>
						<Label text="Enter the Values" />
						<Input id="filterelementId"
							placeholder="Enter Values" showValueHelp="false" />
					</f:content>
				</f:SimpleForm>
			</l:content>
		</l:Grid>
		<beginButton>
			<Button text="Close" press="handlefilterClose" />
		</beginButton>
		<endButton>
			<Button text="Submit" press="handlefilterSubmit" />
		</endButton>
	</Dialog>

</core:FragmentDefinition>