<core:FragmentDefinition
	xmlns="sap.m" xmlns:core="sap.ui.core" xmlns:f="sap.ui.layout.form">	
	<Dialog contentWidth="320px" contentHeight="350px" 
		showHeader="false">
		<content>
			<NavContainer id="nCPrintCN">
				<pages>
					<Page id="pgPrinting" title="Document Printing">
						<content>
							<List id="lstPrint" mode="SingleSelectMaster" selectionChange="sCPrinting">
								<StandardListItem title="Print Consignment">
								</StandardListItem>
								<StandardListItem title="Print Tripsheet">
								</StandardListItem>								
							</List>
						</content>
					</Page>
					<Page id="pgCNTrip" title="Document Printing" showNavButton="true"
						navButtonPress="nBPPGPrinting">
						<content>							
							<f:SimpleForm editable="true" layout="ResponsiveGridLayout" labelSpanS="3">
								<f:content>
									<Label required="true" text="Trip No."/>
									<Input id="inpTripNo" placeholder="Enter Trip Number" liveChange="lCNo" maxLength="10" showValueHelp="true" valueHelpRequest="vHRCNTrip"></Input>										
									<Label text="CN No."/>
									<Input id="inpCNNo" placeholder="Enter CN Number" liveChange="lCNo" maxLength="10" showValueHelp="true" valueHelpRequest="vHRCNTrip"></Input>
								</f:content>
							</f:SimpleForm>							
						</content>
					</Page>
					<Page id="pgList" title="Trips List" showNavButton="true"
						navButtonPress="nBPPGCNTrip" class="sapUiSizeCompact">
						<headerContent>
							<Button icon="sap-icon://refresh" press="pRefCNList" tooltip="Refresh Data"></Button>
							<Button icon="sap-icon://filter" press="pFltrCNList" tooltip="Filter Data"></Button>
						</headerContent>
						<subHeader>
							<Bar>
								<contentMiddle>
									<SearchField liveChange="lcCNTripNo" search="lcCNTripNo"></SearchField>
								</contentMiddle>
							</Bar>
						</subHeader>
						<content>
							<Table id="lstCNTrip" mode="SingleSelectMaster" selectionChange="sCCNTrip">
								<columns>
									<Column width="35%" hAlign="Center">
										<Text text="CN No."/>
									</Column>
									<Column width="30%" hAlign="Center">
										<Text text="Trip No."/>
									</Column>
									<Column width="35%" hAlign="Left" demandPopin="true" minScreenWidth="Tablet">
										<Text text="Vehicle No."/>
									</Column>									
								</columns>								
							</Table>
						</content>
					</Page>
					<Page id="pgListFilter" title="Search Criteria"
						showNavButton="true" navButtonPress="nBPPGList">
						<content>
							<f:SimpleForm editable="true" layout="ResponsiveGridLayout">
								<f:content>					
									<Label text="Date" />
									<DateRangeSelection id="dRSCNDate" displayFormat="dd MMM yyyy"
										placeholder="Select Date Range" change="cCNDateRange">
									</DateRangeSelection>									
								</f:content>
							</f:SimpleForm>
						</content>
					</Page>
				</pages>
			</NavContainer>			
		</content>
		<buttons>
			<Button id="btnCNCancel" text="Cancel" press="pCNCancel"/>
			<Button id="btnCNPrint" text="Print" press="pCNPrint" class="sapUiTinyMarginEnd" visible="false"/>
			<Button id="btnCNClear" text="Clear Filters" press="pCNClear" visible="false" enabled="false"/>
			<Button id="btnCNSearch" text="Search" press="pCNSearch" visible="false" enabled="false"/>			
		</buttons>
	</Dialog>
</core:FragmentDefinition>