<core:FragmentDefinition xmlns="sap.m"
	xmlns:core="sap.ui.core" xmlns:f="sap.ui.layout.form">
	<Dialog title="Site Selection" contentWidth="320px" contentHeight="350px">		
		<content>
			<f:SimpleForm editable="true" layout="ResponsiveGridLayout">
				<f:content>					
					<Label id="lblLastLoc" text="Last Location" design="Bold"/>
					<Input id="inpLastLoc" showValueHelp="true" valueHelpOnly="false" valueHelpRequest="vHRLocs" 
					liveChange="lCLastLoc" maxLength="4"></Input>
				</f:content>
			</f:SimpleForm>
		</content>
		<buttons>
			<Button id="btnSiteCancel" text="Cancel" press="pSiteCancel"></Button>
			<Button id="btnSiteSubmit" text="Submit" press="pSiteSubmit"></Button>
		</buttons>
	</Dialog>
</core:FragmentDefinition>