<core:FragmentDefinition xmlns="sap.m"
	xmlns:core="sap.ui.core" xmlns:f="sap.ui.layout.form">
	<Dialog title="Select Transporter" contentWidth="50px"
		contentHeight="400px">
		<content>
			<f:SimpleForm editable="true" layout="ResponsiveGridLayout">
				<f:content>
					<Label text="Select Transport Type" required="true" />
					<Input valueHelpOnly="true" showSuggestion="true" id="transportTypeid"
						showValueHelp="true" placeholder="Select Transport Type"
						valueHelpRequest="handleTransportShipmentType" />
					<Label text="Arranged by" required="true" />
					<Select change="handeSelect" id="arrangeId">
						<core:Item key="E" text="" />
						<core:Item key="F" text="FCPL" />
						<core:Item key="N" text="NON FCPL" />
					</Select>
					<Label text="Select Transporter" required="true" />
					<Input visible="false" valueHelpOnly="true" showSuggestion="true"
						id="transportNameid" showValueHelp="true" placeholder="Select Transporter"
						valueHelpRequest="handleTransporterName" />
					<Label text="Vehicle Type" />
					<Input visible="false" valueHelpOnly="true" showSuggestion="true"
						id="vehicletypeIdS1" showValueHelp="true" placeholder="Select Vehicle Type"
						valueHelpRequest="handleValueHelpVehicleS1" />
				</f:content>
			</f:SimpleForm>
		</content>
		<buttons>
			<Button text="Cancel" press="handleTransportClose"></Button>
			<Button text="Submit" press="handleTransportPost"></Button>
		</buttons>
	</Dialog>
</core:FragmentDefinition>